<metadata xml:lang="en"><Esri><CreaDate>20180731</CreaDate><CreaTime>11365200</CreaTime><ArcGISFormat>1.0</ArcGISFormat><SyncOnce>FALSE</SyncOnce><DataProperties><lineage><Process ToolSource="c:\program files\arcgis\pro\Resources\ArcToolbox\toolboxes\Data Management Tools.tbx\CreateFeatureclass" Date="20180731" Time="095620">CreateFeatureclass C:\demos_ps\201607_CBP\totalflow\ProTest1\ProTest1.gdb\forestdata bluepatrolpath Polyline # No No "PROJCS['WGS_1984_Web_Mercator_Auxiliary_Sphere',GEOGCS['GCS_WGS_1984',DATUM['D_WGS_1984',SPHEROID['WGS_1984',6378137.0,298.257223563]],PRIMEM['Greenwich',0.0],UNIT['Degree',0.0174532925199433]],PROJECTION['Mercator_Auxiliary_Sphere'],PARAMETER['False_Easting',0.0],PARAMETER['False_Northing',0.0],PARAMETER['Central_Meridian',0.0],PARAMETER['Standard_Parallel_1',0.0],PARAMETER['Auxiliary_Sphere_Type',0.0],UNIT['Meter',1.0]];-20037700 -30241100 10000;-100000 10000;-100000 10000;0.001;0.001;0.001;IsHighPrecision" # # # # #</Process><Process Name="Copy" ToolSource="c:\program files\arcgis\pro\Resources\ArcToolbox\toolboxes\Data Management Tools.tbx\Copy" Date="20180731" Time="113652">Copy C:\demos_ps\201607_CBP\totalflow\ProTest1\ProTest1.gdb\forestdata\bluepatrolpath C:\demos_ps\201607_CBP\totalflow\ProTest1\ProTest1.gdb\pathinput FeatureClass #</Process><Process Name="Generalize" ToolSource="c:\program files\arcgis\pro\Resources\ArcToolbox\toolboxes\Editing Tools.tbx\Generalize" Date="20180731" Time="113653">Generalize C:\demos_ps\201607_CBP\totalflow\ProTest1\ProTest1.gdb\pathinput "100 Meters"</Process><Process Name="Densify" ToolSource="c:\program files\arcgis\pro\Resources\ArcToolbox\toolboxes\Editing Tools.tbx\Densify" Date="20180731" Time="113653">Densify C:\demos_ps\201607_CBP\totalflow\ProTest1\ProTest1.gdb\pathinput Distance "1000 Meters" "0.1 Meters" 10</Process><Process Name="Copy Features" ToolSource="c:\program files\arcgis\pro\Resources\ArcToolbox\toolboxes\Data Management Tools.tbx\CopyFeatures" Date="20180731" Time="113654">CopyFeatures C:\demos_ps\201607_CBP\totalflow\ProTest1\ProTest1.gdb\pathinput C:\demos_ps\201607_CBP\totalflow\ProTest1\ProTest1.gdb\pathtemplate # # # #</Process><Process Name="Append" ToolSource="c:\program files\arcgis\pro\Resources\ArcToolbox\toolboxes\Data Management Tools.tbx\Append" Date="20180731" Time="113758">Append C:\demos_ps\201607_CBP\totalflow\ProTest1\ProTest1.gdb\pathinput C:\demos_ps\201607_CBP\totalflow\ProTest1\ProTest1.gdb\pathtemplate "Input schema must match target schema" # # #</Process><Process Name="Append" ToolSource="c:\program files\arcgis\pro\Resources\ArcToolbox\toolboxes\Data Management Tools.tbx\Append" Date="20180731" Time="113758">Append C:\demos_ps\201607_CBP\totalflow\ProTest1\ProTest1.gdb\pathinput C:\demos_ps\201607_CBP\totalflow\ProTest1\ProTest1.gdb\pathtemplate "Input schema must match target schema" # # #</Process><Process Name="Append" ToolSource="c:\program files\arcgis\pro\Resources\ArcToolbox\toolboxes\Data Management Tools.tbx\Append" Date="20180731" Time="113759">Append C:\demos_ps\201607_CBP\totalflow\ProTest1\ProTest1.gdb\pathinput C:\demos_ps\201607_CBP\totalflow\ProTest1\ProTest1.gdb\pathtemplate "Input schema must match target schema" # # #</Process><Process Name="Append" ToolSource="c:\program files\arcgis\pro\Resources\ArcToolbox\toolboxes\Data Management Tools.tbx\Append" Date="20180731" Time="113759">Append C:\demos_ps\201607_CBP\totalflow\ProTest1\ProTest1.gdb\pathinput C:\demos_ps\201607_CBP\totalflow\ProTest1\ProTest1.gdb\pathtemplate "Input schema must match target schema" # # #</Process><Process Name="Append" ToolSource="c:\program files\arcgis\pro\Resources\ArcToolbox\toolboxes\Data Management Tools.tbx\Append" Date="20180731" Time="113800">Append C:\demos_ps\201607_CBP\totalflow\ProTest1\ProTest1.gdb\pathinput C:\demos_ps\201607_CBP\totalflow\ProTest1\ProTest1.gdb\pathtemplate "Input schema must match target schema" # # #</Process><Process Name="Append" ToolSource="c:\program files\arcgis\pro\Resources\ArcToolbox\toolboxes\Data Management Tools.tbx\Append" Date="20180731" Time="113801">Append C:\demos_ps\201607_CBP\totalflow\ProTest1\ProTest1.gdb\pathinput C:\demos_ps\201607_CBP\totalflow\ProTest1\ProTest1.gdb\pathtemplate "Input schema must match target schema" # # #</Process><Process Name="Append" ToolSource="c:\program files\arcgis\pro\Resources\ArcToolbox\toolboxes\Data Management Tools.tbx\Append" Date="20180731" Time="113801">Append C:\demos_ps\201607_CBP\totalflow\ProTest1\ProTest1.gdb\pathinput C:\demos_ps\201607_CBP\totalflow\ProTest1\ProTest1.gdb\pathtemplate "Input schema must match target schema" # # #</Process><Process Name="Append" ToolSource="c:\program files\arcgis\pro\Resources\ArcToolbox\toolboxes\Data Management Tools.tbx\Append" Date="20180731" Time="113802">Append C:\demos_ps\201607_CBP\totalflow\ProTest1\ProTest1.gdb\pathinput C:\demos_ps\201607_CBP\totalflow\ProTest1\ProTest1.gdb\pathtemplate "Input schema must match target schema" # # #</Process><Process Name="Append" ToolSource="c:\program files\arcgis\pro\Resources\ArcToolbox\toolboxes\Data Management Tools.tbx\Append" Date="20180731" Time="113802">Append C:\demos_ps\201607_CBP\totalflow\ProTest1\ProTest1.gdb\pathinput C:\demos_ps\201607_CBP\totalflow\ProTest1\ProTest1.gdb\pathtemplate "Input schema must match target schema" # # #</Process><Process Name="Add Field" ToolSource="c:\program files\arcgis\pro\Resources\ArcToolbox\toolboxes\Data Management Tools.tbx\AddField" Date="20180731" Time="113855">AddField C:\demos_ps\201607_CBP\totalflow\ProTest1\ProTest1.gdb\pathtemplate RouteID "Short (small integer)" # # # # NULLABLE NON_REQUIRED #</Process><Process Name="Calculate Field" ToolSource="c:\program files\arcgis\pro\Resources\ArcToolbox\toolboxes\Data Management Tools.tbx\CalculateField" Date="20180731" Time="113855">CalculateField C:\demos_ps\201607_CBP\totalflow\ProTest1\ProTest1.gdb\pathtemplate RouteID !OBJECTID! "Python 3" #</Process><Process Name="Create Routes" ToolSource="c:\program files\arcgis\pro\Resources\ArcToolbox\toolboxes\Linear Referencing Tools.tbx\CreateRoutes" Date="20180731" Time="113856">CreateRoutes C:\demos_ps\201607_CBP\totalflow\ProTest1\ProTest1.gdb\pathtemplate RouteID C:\demos_ps\201607_CBP\totalflow\ProTest1\ProTest1.gdb\pathtemplateRoutes "Length of features" # # "Upper left corner" 1 0 IGNORE INDEX</Process><Process Name="Add Field (2)" ToolSource="c:\program files\arcgis\pro\Resources\ArcToolbox\toolboxes\Data Management Tools.tbx\AddField" Date="20180731" Time="113857">AddField C:\demos_ps\201607_CBP\totalflow\ProTest1\ProTest1.gdb\pathtemplateRoutes TimeOffsetSeconds "Long (large integer)" # # # # NULLABLE NON_REQUIRED #</Process><Process Name="Calculate Field (2)" ToolSource="c:\program files\arcgis\pro\Resources\ArcToolbox\toolboxes\Data Management Tools.tbx\CalculateField" Date="20180731" Time="113857">CalculateField C:\demos_ps\201607_CBP\totalflow\ProTest1\ProTest1.gdb\pathtemplateRoutes TimeOffsetSeconds 0 "Python 3" #</Process><Process Name="Calculate Field" ToolSource="c:\program files\arcgis\pro\Resources\ArcToolbox\toolboxes\Data Management Tools.tbx\CalculateField" Date="20180731" Time="113934">CalculateField CIMPATH=map1/pathtemplateroutes.xml TimeOffsetSeconds "(!OBJECTID! - 1 ) * (90 * 60)" "Python 3" #</Process><Process Name="Calculate Field" ToolSource="c:\program files\arcgis\pro\Resources\ArcToolbox\toolboxes\Data Management Tools.tbx\CalculateField" Date="20180731" Time="115123">CalculateField pathtemplateRoutes TimeOffsetSeconds "(!OBJECTID! - 1 ) * (90 * 60)" "Python 3" #</Process><Process Name="Calculate Field" ToolSource="c:\program files\arcgis\pro\Resources\ArcToolbox\toolboxes\Data Management Tools.tbx\CalculateField" Date="20180731" Time="115124">CalculateField pathtemplateRoutes TimeOffsetSeconds "(!OBJECTID! - 1 ) * (90 * 60)" "Python 3" #</Process><Process Name="Calculate Field" ToolSource="c:\program files\arcgis\pro\Resources\ArcToolbox\toolboxes\Data Management Tools.tbx\CalculateField" Date="20180731" Time="115124">CalculateField pathtemplateRoutes TimeOffsetSeconds "(!OBJECTID! - 1 ) * (90 * 60)" "Python 3" #</Process><Process Name="Calculate Field" ToolSource="c:\program files\arcgis\pro\Resources\ArcToolbox\toolboxes\Data Management Tools.tbx\CalculateField" Date="20180731" Time="115124">CalculateField pathtemplateRoutes TimeOffsetSeconds "(!OBJECTID! - 1 ) * (90 * 60)" "Python 3" #</Process><Process Name="Calculate Field" ToolSource="c:\program files\arcgis\pro\Resources\ArcToolbox\toolboxes\Data Management Tools.tbx\CalculateField" Date="20180731" Time="115125">CalculateField pathtemplateRoutes TimeOffsetSeconds "(!OBJECTID! - 1 ) * (90 * 60)" "Python 3" #</Process><Process Name="Calculate Field" ToolSource="c:\program files\arcgis\pro\Resources\ArcToolbox\toolboxes\Data Management Tools.tbx\CalculateField" Date="20180731" Time="115125">CalculateField pathtemplateRoutes TimeOffsetSeconds "(!OBJECTID! - 1 ) * (90 * 60)" "Python 3" #</Process><Process Name="Calculate Field" ToolSource="c:\program files\arcgis\pro\Resources\ArcToolbox\toolboxes\Data Management Tools.tbx\CalculateField" Date="20180731" Time="115126">CalculateField pathtemplateRoutes TimeOffsetSeconds "(!OBJECTID! - 1 ) * (90 * 60)" "Python 3" #</Process><Process Name="Calculate Field" ToolSource="c:\program files\arcgis\pro\Resources\ArcToolbox\toolboxes\Data Management Tools.tbx\CalculateField" Date="20180731" Time="115126">CalculateField pathtemplateRoutes TimeOffsetSeconds "(!OBJECTID! - 1 ) * (90 * 60)" "Python 3" #</Process><Process Name="Calculate Field" ToolSource="c:\program files\arcgis\pro\Resources\ArcToolbox\toolboxes\Data Management Tools.tbx\CalculateField" Date="20180731" Time="115126">CalculateField pathtemplateRoutes TimeOffsetSeconds "(!OBJECTID! - 1 ) * (90 * 60)" "Python 3" #</Process><Process Name="Calculate Field" ToolSource="c:\program files\arcgis\pro\Resources\ArcToolbox\toolboxes\Data Management Tools.tbx\CalculateField" Date="20180731" Time="115127">CalculateField pathtemplateRoutes TimeOffsetSeconds "(!OBJECTID! - 1 ) * (90 * 60)" "Python 3" #</Process><Process Name="Feature Vertices To Points" ToolSource="c:\program files\arcgis\pro\Resources\ArcToolbox\toolboxes\Data Management Tools.tbx\FeatureVerticesToPoints" Date="20180731" Time="115232">FeatureVerticesToPoints pathtemplateRoutes C:\demos_ps\201607_CBP\totalflow\ProTest1\ProTest1.gdb\Bluepts "All vertices"</Process><Process Name="Add Geometry Attributes" ToolSource="c:\program files\arcgis\pro\Resources\ArcToolbox\toolboxes\Data Management Tools.tbx\AddGeometryAttributes" Date="20180731" Time="115236">AddGeometryAttributes C:\demos_ps\201607_CBP\totalflow\ProTest1\ProTest1.gdb\Bluepts POINT_X_Y_Z_M Kilometers # PROJCS['WGS_1984_Web_Mercator_Auxiliary_Sphere',GEOGCS['GCS_WGS_1984',DATUM['D_WGS_1984',SPHEROID['WGS_1984',6378137.0,298.257223563]],PRIMEM['Greenwich',0.0],UNIT['Degree',0.0174532925199433]],PROJECTION['Mercator_Auxiliary_Sphere'],PARAMETER['False_Easting',0.0],PARAMETER['False_Northing',0.0],PARAMETER['Central_Meridian',0.0],PARAMETER['Standard_Parallel_1',0.0],PARAMETER['Auxiliary_Sphere_Type',0.0],UNIT['Meter',1.0]]</Process><Process Name="Calculate Field (8)" ToolSource="c:\program files\arcgis\pro\Resources\ArcToolbox\toolboxes\Data Management Tools.tbx\CalculateField" Date="20180731" Time="115237">CalculateField C:\demos_ps\201607_CBP\totalflow\ProTest1\ProTest1.gdb\Bluepts POINT_M X(!POINT_M!) "Python 3" "def X (param):\n    retVal = 0\n    if param is not None:\n        retVal = param\n    return retVal"</Process><Process Name="Add Field (5)" ToolSource="c:\program files\arcgis\pro\Resources\ArcToolbox\toolboxes\Data Management Tools.tbx\AddField" Date="20180731" Time="115238">AddField C:\demos_ps\201607_CBP\totalflow\ProTest1\ProTest1.gdb\Bluepts RouteTimeSecElapsed "Long (large integer)" # # # # NULLABLE NON_REQUIRED #</Process><Process Name="Calculate Field (5)" ToolSource="c:\program files\arcgis\pro\Resources\ArcToolbox\toolboxes\Data Management Tools.tbx\CalculateField" Date="20180731" Time="115240">CalculateField C:\demos_ps\201607_CBP\totalflow\ProTest1\ProTest1.gdb\Bluepts RouteTimeSecElapsed "!POINT_M! * 0.12" "Python 3" #</Process><Process Name="Add Field (7)" ToolSource="c:\program files\arcgis\pro\Resources\ArcToolbox\toolboxes\Data Management Tools.tbx\AddField" Date="20180731" Time="115241">AddField C:\demos_ps\201607_CBP\totalflow\ProTest1\ProTest1.gdb\Bluepts LocationTime Date # # # # NULLABLE NON_REQUIRED #</Process><Process Name="Calculate Field (7)" ToolSource="c:\program files\arcgis\pro\Resources\ArcToolbox\toolboxes\Data Management Tools.tbx\CalculateField" Date="20180731" Time="115243">CalculateField C:\demos_ps\201607_CBP\totalflow\ProTest1\ProTest1.gdb\Bluepts LocationTime "datetime.datetime(2018, 7, 16) + datetime.timedelta(seconds= !TimeOffsetSeconds! + !RouteTimeSecElapsed!)" "Python 3" #</Process><Process Name="Add Fields (multiple)" ToolSource="c:\program files\arcgis\pro\Resources\ArcToolbox\toolboxes\Data Management Tools.tbx\AddFields" Date="20180731" Time="122834">AddFields BluePts "Latitude LONG # # #;Longitude LONG # # #"</Process><Process Name="Calculate Geometry Attributes" ToolSource="c:\program files\arcgis\pro\Resources\ArcToolbox\toolboxes\Data Management Tools.tbx\CalculateGeometryAttributes" Date="20180731" Time="123042">CalculateGeometryAttributes BluePts "Latitude POINT_Y;Longitude POINT_X" # # GEOGCS['GCS_WGS_1984',DATUM['D_WGS_1984',SPHEROID['WGS_1984',6378137.0,298.257223563]],PRIMEM['Greenwich',0.0],UNIT['Degree',0.0174532925199433]]</Process><Process ToolSource="c:\program files\arcgis\pro\Resources\ArcToolbox\toolboxes\Data Management Tools.tbx\DeleteField" Date="20180731" Time="123124">DeleteField BluePts Latitude</Process><Process ToolSource="c:\program files\arcgis\pro\Resources\ArcToolbox\toolboxes\Data Management Tools.tbx\DeleteField" Date="20180731" Time="123129">DeleteField BluePts Longitude</Process><Process Name="Add Fields (multiple)" ToolSource="c:\program files\arcgis\pro\Resources\ArcToolbox\toolboxes\Data Management Tools.tbx\AddFields" Date="20180731" Time="123145">AddFields BluePts "Latitude DOUBLE # # #;Longitude DOUBLE # # #"</Process><Process Name="Calculate Geometry Attributes" ToolSource="c:\program files\arcgis\pro\Resources\ArcToolbox\toolboxes\Data Management Tools.tbx\CalculateGeometryAttributes" Date="20180731" Time="123148">CalculateGeometryAttributes BluePts "Latitude POINT_Y;Longitude POINT_X" # # GEOGCS['GCS_WGS_1984',DATUM['D_WGS_1984',SPHEROID['WGS_1984',6378137.0,298.257223563]],PRIMEM['Greenwich',0.0],UNIT['Degree',0.0174532925199433]]</Process><Process Name="Calculate Geometry Attributes" ToolSource="c:\program files\arcgis\pro\Resources\ArcToolbox\toolboxes\Data Management Tools.tbx\CalculateGeometryAttributes" Date="20180731" Time="123301">CalculateGeometryAttributes BluePts "Latitude POINT_Y;Longitude POINT_X" # # GEOGCS['GCS_WGS_1984',DATUM['D_WGS_1984',SPHEROID['WGS_1984',6378137.0,298.257223563]],PRIMEM['Greenwich',0.0],UNIT['Degree',0.0174532925199433]]</Process><Process Name="Add Fields (multiple)" ToolSource="c:\program files\arcgis\pro\Resources\ArcToolbox\toolboxes\Data Management Tools.tbx\AddFields" Date="20180731" Time="123432">AddFields BluePts "Latitude DOUBLE # # #;Longitude DOUBLE # # #"</Process><Process Name="Calculate Geometry Attributes" ToolSource="c:\program files\arcgis\pro\Resources\ArcToolbox\toolboxes\Data Management Tools.tbx\CalculateGeometryAttributes" Date="20180731" Time="123436">CalculateGeometryAttributes BluePts "Latitude POINT_Y;Longitude POINT_X" # # GEOGCS['GCS_WGS_1984',DATUM['D_WGS_1984',SPHEROID['WGS_1984',6378137.0,298.257223563]],PRIMEM['Greenwich',0.0],UNIT['Degree',0.0174532925199433]]</Process><Process Name="Table To Table" ToolSource="c:\program files\arcgis\pro\Resources\ArcToolbox\toolboxes\Conversion Tools.tbx\TableToTable" Date="20180731" Time="123437">TableToTable BluePts C:\demos_ps\201607_CBP\totalflow\ProTest1 BluePts.csv # "RouteID "RouteID" true true false 2 Short 0 0,First,#,C:\demos_ps\201607_CBP\totalflow\ProTest1\ProTest1.gdb\Bluepts,RouteID,-1,-1;TimeOffsetSeconds "TimeOffsetSeconds" true true false 4 Long 0 0,First,#,C:\demos_ps\201607_CBP\totalflow\ProTest1\ProTest1.gdb\Bluepts,TimeOffsetSeconds,-1,-1;ORIG_FID "ORIG_FID" true true false 4 Long 0 0,First,#,C:\demos_ps\201607_CBP\totalflow\ProTest1\ProTest1.gdb\Bluepts,ORIG_FID,-1,-1;POINT_X "POINT_X" true true false 8 Double 0 0,First,#,C:\demos_ps\201607_CBP\totalflow\ProTest1\ProTest1.gdb\Bluepts,POINT_X,-1,-1;POINT_Y "POINT_Y" true true false 8 Double 0 0,First,#,C:\demos_ps\201607_CBP\totalflow\ProTest1\ProTest1.gdb\Bluepts,POINT_Y,-1,-1;POINT_M "POINT_M" true true false 8 Double 0 0,First,#,C:\demos_ps\201607_CBP\totalflow\ProTest1\ProTest1.gdb\Bluepts,POINT_M,-1,-1;RouteTimeSecElapsed "RouteTimeSecElapsed" true true false 4 Long 0 0,First,#,C:\demos_ps\201607_CBP\totalflow\ProTest1\ProTest1.gdb\Bluepts,RouteTimeSecElapsed,-1,-1;LocationTime "LocationTime" true true false 8 Date 0 0,First,#,C:\demos_ps\201607_CBP\totalflow\ProTest1\ProTest1.gdb\Bluepts,LocationTime,-1,-1;Latitude "Latitude" true true false 0 Double 0 0,First,#,C:\demos_ps\201607_CBP\totalflow\ProTest1\ProTest1.gdb\Bluepts,Latitude,-1,-1;Longitude "Longitude" true true false 0 Double 0 0,First,#,C:\demos_ps\201607_CBP\totalflow\ProTest1\ProTest1.gdb\Bluepts,Longitude,-1,-1" #</Process></lineage><itemProps><itemLocation><linkage Sync="TRUE">file://\\BHOAK2\C$\demos_ps\201607_CBP\totalflow\ProTest1\BluePts.csv</linkage><protocol Sync="TRUE">Local Area Network</protocol></itemLocation><itemName Sync="TRUE">BluePts.csv</itemName><imsContentType Sync="TRUE">005</imsContentType><itemSize Sync="TRUE">0.000</itemSize></itemProps><coordRef><type Sync="TRUE">Projected</type><geogcsn Sync="TRUE">GCS_WGS_1984</geogcsn><csUnits Sync="TRUE">Linear Unit: Meter (1.000000)</csUnits><projcsn Sync="TRUE">WGS_1984_Web_Mercator_Auxiliary_Sphere</projcsn><peXml Sync="TRUE">&lt;ProjectedCoordinateSystem xsi:type='typens:ProjectedCoordinateSystem' xmlns:xsi='http://www.w3.org/2001/XMLSchema-instance' xmlns:xs='http://www.w3.org/2001/XMLSchema' xmlns:typens='http://www.esri.com/schemas/ArcGIS/2.2.0'&gt;&lt;WKT&gt;PROJCS[&amp;quot;WGS_1984_Web_Mercator_Auxiliary_Sphere&amp;quot;,GEOGCS[&amp;quot;GCS_WGS_1984&amp;quot;,DATUM[&amp;quot;D_WGS_1984&amp;quot;,SPHEROID[&amp;quot;WGS_1984&amp;quot;,6378137.0,298.257223563]],PRIMEM[&amp;quot;Greenwich&amp;quot;,0.0],UNIT[&amp;quot;Degree&amp;quot;,0.0174532925199433]],PROJECTION[&amp;quot;Mercator_Auxiliary_Sphere&amp;quot;],PARAMETER[&amp;quot;False_Easting&amp;quot;,0.0],PARAMETER[&amp;quot;False_Northing&amp;quot;,0.0],PARAMETER[&amp;quot;Central_Meridian&amp;quot;,0.0],PARAMETER[&amp;quot;Standard_Parallel_1&amp;quot;,0.0],PARAMETER[&amp;quot;Auxiliary_Sphere_Type&amp;quot;,0.0],UNIT[&amp;quot;Meter&amp;quot;,1.0],AUTHORITY[&amp;quot;EPSG&amp;quot;,3857]]&lt;/WKT&gt;&lt;XOrigin&gt;-20037700&lt;/XOrigin&gt;&lt;YOrigin&gt;-30241100&lt;/YOrigin&gt;&lt;XYScale&gt;10000&lt;/XYScale&gt;&lt;ZOrigin&gt;-100000&lt;/ZOrigin&gt;&lt;ZScale&gt;10000&lt;/ZScale&gt;&lt;MOrigin&gt;-100000&lt;/MOrigin&gt;&lt;MScale&gt;10000&lt;/MScale&gt;&lt;XYTolerance&gt;0.001&lt;/XYTolerance&gt;&lt;ZTolerance&gt;0.001&lt;/ZTolerance&gt;&lt;MTolerance&gt;0.001&lt;/MTolerance&gt;&lt;HighPrecision&gt;true&lt;/HighPrecision&gt;&lt;WKID&gt;102100&lt;/WKID&gt;&lt;LatestWKID&gt;3857&lt;/LatestWKID&gt;&lt;/ProjectedCoordinateSystem&gt;</peXml></coordRef></DataProperties><SyncDate>20180731</SyncDate><SyncTime>12343700</SyncTime><ModDate>20180731</ModDate><ModTime>12343700</ModTime></Esri><dataIdInfo><envirDesc Sync="TRUE">Microsoft Windows 10 Version 10.0 (Build 14393) ; Esri ArcGIS 12.2.0.12813</envirDesc><dataLang><languageCode value="eng" Sync="TRUE"></languageCode><countryCode value="USA" Sync="TRUE"></countryCode></dataLang><idCitation><resTitle Sync="TRUE">BluePts.csv</resTitle><presForm><PresFormCd value="001" Sync="TRUE"></PresFormCd></presForm></idCitation><spatRpType><SpatRepTypCd value="001" Sync="TRUE"></SpatRepTypCd></spatRpType></dataIdInfo><mdLang><languageCode value="eng" Sync="TRUE"></languageCode><countryCode value="USA" Sync="TRUE"></countryCode></mdLang><distInfo><distFormat><formatName Sync="TRUE">Text File</formatName></distFormat><distTranOps><transSize Sync="TRUE">0.000</transSize></distTranOps></distInfo><mdHrLv><ScopeCd value="007" Sync="TRUE"></ScopeCd></mdHrLv><mdHrLvName Sync="TRUE">non-geographic dataset</mdHrLvName><refSysInfo><RefSystem><refSysID><identCode code="3857" Sync="TRUE"></identCode><idCodeSpace Sync="TRUE">EPSG</idCodeSpace><idVersion Sync="TRUE">8.8(9.3.1.2)</idVersion></refSysID></RefSystem></refSysInfo><spatRepInfo><VectSpatRep><geometObjs Name="Bluepts"><geoObjTyp><GeoObjTypCd value="004" Sync="TRUE"></GeoObjTypCd></geoObjTyp><geoObjCnt Sync="TRUE">0</geoObjCnt></geometObjs><topLvl><TopoLevCd value="001" Sync="TRUE"></TopoLevCd></topLvl></VectSpatRep></spatRepInfo><spdoinfo><ptvctinf><esriterm Name="Bluepts"><efeatyp Sync="TRUE">Simple</efeatyp><efeageom code="1" Sync="TRUE"></efeageom><esritopo Sync="TRUE">FALSE</esritopo><efeacnt Sync="TRUE">0</efeacnt><spindex Sync="TRUE">TRUE</spindex><linrefer Sync="TRUE">TRUE</linrefer></esriterm></ptvctinf></spdoinfo><eainfo><detailed Name="BluePts.csv"><enttyp><enttypl Sync="TRUE">BluePts.csv</enttypl><enttypt Sync="TRUE">Table</enttypt><enttypc Sync="TRUE">0</enttypc></enttyp><attr><attrlabl Sync="TRUE">OID</attrlabl><attalias Sync="TRUE">OID</attalias><attrtype Sync="TRUE">Integer</attrtype><attwidth Sync="TRUE">4</attwidth><atprecis Sync="TRUE">0</atprecis><attscale Sync="TRUE">0</attscale></attr><attr><attrlabl Sync="TRUE">RouteID</attrlabl><attalias Sync="TRUE">RouteID</attalias><attrtype Sync="TRUE">SmallInteger</attrtype><attwidth Sync="TRUE">2</attwidth><atprecis Sync="TRUE">0</atprecis><attscale Sync="TRUE">0</attscale></attr><attr><attrlabl Sync="TRUE">TimeOffsetSeconds</attrlabl><attalias Sync="TRUE">TimeOffsetSeconds</attalias><attrtype Sync="TRUE">Integer</attrtype><attwidth Sync="TRUE">4</attwidth><atprecis Sync="TRUE">0</atprecis><attscale Sync="TRUE">0</attscale></attr><attr><attrlabl Sync="TRUE">ORIG_FID</attrlabl><attalias Sync="TRUE">ORIG_FID</attalias><attrtype Sync="TRUE">Integer</attrtype><attwidth Sync="TRUE">4</attwidth><atprecis Sync="TRUE">0</atprecis><attscale Sync="TRUE">0</attscale></attr><attr><attrlabl Sync="TRUE">POINT_X</attrlabl><attalias Sync="TRUE">POINT_X</attalias><attrtype Sync="TRUE">Double</attrtype><attwidth Sync="TRUE">8</attwidth><atprecis Sync="TRUE">0</atprecis><attscale Sync="TRUE">0</attscale></attr><attr><attrlabl Sync="TRUE">POINT_Y</attrlabl><attalias Sync="TRUE">POINT_Y</attalias><attrtype Sync="TRUE">Double</attrtype><attwidth Sync="TRUE">8</attwidth><atprecis Sync="TRUE">0</atprecis><attscale Sync="TRUE">0</attscale></attr><attr><attrlabl Sync="TRUE">POINT_M</attrlabl><attalias Sync="TRUE">POINT_M</attalias><attrtype Sync="TRUE">Double</attrtype><attwidth Sync="TRUE">8</attwidth><atprecis Sync="TRUE">0</atprecis><attscale Sync="TRUE">0</attscale></attr><attr><attrlabl Sync="TRUE">RouteTimeSecElapsed</attrlabl><attalias Sync="TRUE">RouteTimeSecElapsed</attalias><attrtype Sync="TRUE">Integer</attrtype><attwidth Sync="TRUE">4</attwidth><atprecis Sync="TRUE">0</atprecis><attscale Sync="TRUE">0</attscale></attr><attr><attrlabl Sync="TRUE">LocationTime</attrlabl><attalias Sync="TRUE">LocationTime</attalias><attrtype Sync="TRUE">Date</attrtype><attwidth Sync="TRUE">8</attwidth><atprecis Sync="TRUE">0</atprecis><attscale Sync="TRUE">0</attscale></attr><attr><attrlabl Sync="TRUE">Latitude</attrlabl><attalias Sync="TRUE">Latitude</attalias><attrtype Sync="TRUE">Double</attrtype><attwidth Sync="TRUE">8</attwidth><atprecis Sync="TRUE">0</atprecis><attscale Sync="TRUE">0</attscale></attr><attr><attrlabl Sync="TRUE">Longitude</attrlabl><attalias Sync="TRUE">Longitude</attalias><attrtype Sync="TRUE">Double</attrtype><attwidth Sync="TRUE">8</attwidth><atprecis Sync="TRUE">0</atprecis><attscale Sync="TRUE">0</attscale></attr></detailed></eainfo><mdDateSt Sync="TRUE">20180731</mdDateSt></metadata>
