<metadata xml:lang="en"><Esri><CreaDate>20180731</CreaDate><CreaTime>11321900</CreaTime><ArcGISFormat>1.0</ArcGISFormat><SyncOnce>FALSE</SyncOnce><DataProperties><itemProps><itemName Sync="TRUE">RedPts.csv</itemName><imsContentType Sync="TRUE">005</imsContentType><itemLocation><linkage Sync="TRUE">file://\\BHOAK2\C$\demos_ps\201607_CBP\totalflow\ProTest1\RedPts.csv</linkage><protocol Sync="TRUE">Local Area Network</protocol></itemLocation><itemSize Sync="TRUE">0.000</itemSize></itemProps><coordRef><type Sync="TRUE">Projected</type><geogcsn Sync="TRUE">GCS_WGS_1984</geogcsn><csUnits Sync="TRUE">Linear Unit: Meter (1.000000)</csUnits><projcsn Sync="TRUE">WGS_1984_Web_Mercator_Auxiliary_Sphere</projcsn><peXml Sync="TRUE">&lt;ProjectedCoordinateSystem xsi:type='typens:ProjectedCoordinateSystem' xmlns:xsi='http://www.w3.org/2001/XMLSchema-instance' xmlns:xs='http://www.w3.org/2001/XMLSchema' xmlns:typens='http://www.esri.com/schemas/ArcGIS/2.2.0'&gt;&lt;WKT&gt;PROJCS[&amp;quot;WGS_1984_Web_Mercator_Auxiliary_Sphere&amp;quot;,GEOGCS[&amp;quot;GCS_WGS_1984&amp;quot;,DATUM[&amp;quot;D_WGS_1984&amp;quot;,SPHEROID[&amp;quot;WGS_1984&amp;quot;,6378137.0,298.257223563]],PRIMEM[&amp;quot;Greenwich&amp;quot;,0.0],UNIT[&amp;quot;Degree&amp;quot;,0.0174532925199433]],PROJECTION[&amp;quot;Mercator_Auxiliary_Sphere&amp;quot;],PARAMETER[&amp;quot;False_Easting&amp;quot;,0.0],PARAMETER[&amp;quot;False_Northing&amp;quot;,0.0],PARAMETER[&amp;quot;Central_Meridian&amp;quot;,0.0],PARAMETER[&amp;quot;Standard_Parallel_1&amp;quot;,0.0],PARAMETER[&amp;quot;Auxiliary_Sphere_Type&amp;quot;,0.0],UNIT[&amp;quot;Meter&amp;quot;,1.0],AUTHORITY[&amp;quot;EPSG&amp;quot;,3857]]&lt;/WKT&gt;&lt;XOrigin&gt;-20037700&lt;/XOrigin&gt;&lt;YOrigin&gt;-30241100&lt;/YOrigin&gt;&lt;XYScale&gt;10000&lt;/XYScale&gt;&lt;ZOrigin&gt;-100000&lt;/ZOrigin&gt;&lt;ZScale&gt;10000&lt;/ZScale&gt;&lt;MOrigin&gt;0&lt;/MOrigin&gt;&lt;MScale&gt;41943040000&lt;/MScale&gt;&lt;XYTolerance&gt;0.001&lt;/XYTolerance&gt;&lt;ZTolerance&gt;0.001&lt;/ZTolerance&gt;&lt;MTolerance&gt;0.001&lt;/MTolerance&gt;&lt;HighPrecision&gt;true&lt;/HighPrecision&gt;&lt;WKID&gt;102100&lt;/WKID&gt;&lt;LatestWKID&gt;3857&lt;/LatestWKID&gt;&lt;/ProjectedCoordinateSystem&gt;</peXml></coordRef><lineage><Process Name="Copy Features" ToolSource="c:\program files\arcgis\pro\Resources\ArcToolbox\toolboxes\Data Management Tools.tbx\CopyFeatures" Date="20180731" Time="113220">CopyFeatures Routes C:\demos_ps\201607_CBP\totalflow\ProTest1\ProTest1.gdb\routes # # # #</Process><Process Name="Add Field (6)" ToolSource="c:\program files\arcgis\pro\Resources\ArcToolbox\toolboxes\Data Management Tools.tbx\AddField" Date="20180731" Time="113221">AddField C:\demos_ps\201607_CBP\totalflow\ProTest1\ProTest1.gdb\routes SecondsOffset "Long (large integer)" # # # # NULLABLE NON_REQUIRED #</Process><Process Name="Calculate Field (6)" ToolSource="c:\program files\arcgis\pro\Resources\ArcToolbox\toolboxes\Data Management Tools.tbx\CalculateField" Date="20180731" Time="113221">CalculateField C:\demos_ps\201607_CBP\totalflow\ProTest1\ProTest1.gdb\routes SecondsOffset random.randint(0, 14400) "Python 3" "import random"</Process><Process Name="Generalize" ToolSource="c:\program files\arcgis\pro\Resources\ArcToolbox\toolboxes\Editing Tools.tbx\Generalize" Date="20180731" Time="113222">Generalize C:\demos_ps\201607_CBP\totalflow\ProTest1\ProTest1.gdb\routes "100 Meters"</Process><Process Name="Densify" ToolSource="c:\program files\arcgis\pro\Resources\ArcToolbox\toolboxes\Editing Tools.tbx\Densify" Date="20180731" Time="113222">Densify C:\demos_ps\201607_CBP\totalflow\ProTest1\ProTest1.gdb\routes Distance "1000 Meters" "0.1 Meters" 10</Process><Process Name="Feature Vertices To Points" ToolSource="c:\program files\arcgis\pro\Resources\ArcToolbox\toolboxes\Data Management Tools.tbx\FeatureVerticesToPoints" Date="20180731" Time="113225">FeatureVerticesToPoints C:\demos_ps\201607_CBP\totalflow\ProTest1\ProTest1.gdb\routes C:\demos_ps\201607_CBP\totalflow\ProTest1\ProTest1.gdb\RedPts "All vertices"</Process><Process Name="Add Geometry Attributes" ToolSource="c:\program files\arcgis\pro\Resources\ArcToolbox\toolboxes\Data Management Tools.tbx\AddGeometryAttributes" Date="20180731" Time="113234">AddGeometryAttributes C:\demos_ps\201607_CBP\totalflow\ProTest1\ProTest1.gdb\RedPts POINT_X_Y_Z_M Kilometers # PROJCS['WGS_1984_Web_Mercator_Auxiliary_Sphere',GEOGCS['GCS_WGS_1984',DATUM['D_WGS_1984',SPHEROID['WGS_1984',6378137.0,298.257223563]],PRIMEM['Greenwich',0.0],UNIT['Degree',0.0174532925199433]],PROJECTION['Mercator_Auxiliary_Sphere'],PARAMETER['False_Easting',0.0],PARAMETER['False_Northing',0.0],PARAMETER['Central_Meridian',0.0],PARAMETER['Standard_Parallel_1',0.0],PARAMETER['Auxiliary_Sphere_Type',0.0],UNIT['Meter',1.0]]</Process><Process Name="Calculate Field (8)" ToolSource="c:\program files\arcgis\pro\Resources\ArcToolbox\toolboxes\Data Management Tools.tbx\CalculateField" Date="20180731" Time="113240">CalculateField C:\demos_ps\201607_CBP\totalflow\ProTest1\ProTest1.gdb\RedPts POINT_M X(!POINT_M!) "Python 3" "def X (param):\n    retVal = 0\n    if param is not None:\n        retVal = param\n    return retVal"</Process><Process Name="Add Field (5)" ToolSource="c:\program files\arcgis\pro\Resources\ArcToolbox\toolboxes\Data Management Tools.tbx\AddField" Date="20180731" Time="113240">AddField C:\demos_ps\201607_CBP\totalflow\ProTest1\ProTest1.gdb\RedPts RouteTimeSecElapsed "Long (large integer)" # # # # NULLABLE NON_REQUIRED #</Process><Process Name="Calculate Field (5)" ToolSource="c:\program files\arcgis\pro\Resources\ArcToolbox\toolboxes\Data Management Tools.tbx\CalculateField" Date="20180731" Time="113247">CalculateField C:\demos_ps\201607_CBP\totalflow\ProTest1\ProTest1.gdb\RedPts RouteTimeSecElapsed "!POINT_M! * .72" "Python 3" #</Process><Process Name="Add Field (7)" ToolSource="c:\program files\arcgis\pro\Resources\ArcToolbox\toolboxes\Data Management Tools.tbx\AddField" Date="20180731" Time="113248">AddField C:\demos_ps\201607_CBP\totalflow\ProTest1\ProTest1.gdb\RedPts LocationTime Date # # # # NULLABLE NON_REQUIRED #</Process><Process Name="Calculate Field (7)" ToolSource="c:\program files\arcgis\pro\Resources\ArcToolbox\toolboxes\Data Management Tools.tbx\CalculateField" Date="20180731" Time="113255">CalculateField C:\demos_ps\201607_CBP\totalflow\ProTest1\ProTest1.gdb\RedPts LocationTime "datetime.datetime(2018, 7, 16) + datetime.timedelta(seconds= !SecondsOffset! + !RouteTimeSecElapsed!)" "Python 3" #</Process><Process Name="Add Fields (multiple)" ToolSource="c:\program files\arcgis\pro\Resources\ArcToolbox\toolboxes\Data Management Tools.tbx\AddFields" Date="20180731" Time="123540">AddFields RedPts "Latitude DOUBLE # # #;Longitude DOUBLE # # #"</Process><Process Name="Calculate Geometry Attributes" ToolSource="c:\program files\arcgis\pro\Resources\ArcToolbox\toolboxes\Data Management Tools.tbx\CalculateGeometryAttributes" Date="20180731" Time="123548">CalculateGeometryAttributes RedPts "Latitude POINT_Y;Longitude POINT_X" # # GEOGCS['GCS_WGS_1984',DATUM['D_WGS_1984',SPHEROID['WGS_1984',6378137.0,298.257223563]],PRIMEM['Greenwich',0.0],UNIT['Degree',0.0174532925199433]]</Process><Process Name="Table To Table" ToolSource="c:\program files\arcgis\pro\Resources\ArcToolbox\toolboxes\Conversion Tools.tbx\TableToTable" Date="20180731" Time="123551">TableToTable RedPts C:\demos_ps\201607_CBP\totalflow\ProTest1 RedPts.csv # "Name "Name" true true false 1024 Text 0 0,First,#,C:\demos_ps\201607_CBP\totalflow\ProTest1\ProTest1.gdb\RedPts,Name,0,1024;FirstStopID "FirstStopID" true true false 4 Long 0 0,First,#,C:\demos_ps\201607_CBP\totalflow\ProTest1\ProTest1.gdb\RedPts,FirstStopID,-1,-1;LastStopID "LastStopID" true true false 4 Long 0 0,First,#,C:\demos_ps\201607_CBP\totalflow\ProTest1\ProTest1.gdb\RedPts,LastStopID,-1,-1;StopCount "StopCount" true true false 4 Long 0 0,First,#,C:\demos_ps\201607_CBP\totalflow\ProTest1\ProTest1.gdb\RedPts,StopCount,-1,-1;StartTime "StartTime" true true false 8 Date 0 0,First,#,C:\demos_ps\201607_CBP\totalflow\ProTest1\ProTest1.gdb\RedPts,StartTime,-1,-1;EndTime "EndTime" true true false 8 Date 0 0,First,#,C:\demos_ps\201607_CBP\totalflow\ProTest1\ProTest1.gdb\RedPts,EndTime,-1,-1;StartTimeUTC "StartTimeUTC" true true false 8 Date 0 0,First,#,C:\demos_ps\201607_CBP\totalflow\ProTest1\ProTest1.gdb\RedPts,StartTimeUTC,-1,-1;EndTimeUTC "EndTimeUTC" true true false 8 Date 0 0,First,#,C:\demos_ps\201607_CBP\totalflow\ProTest1\ProTest1.gdb\RedPts,EndTimeUTC,-1,-1;Total_Length "Total_Length" true true false 8 Double 0 0,First,#,C:\demos_ps\201607_CBP\totalflow\ProTest1\ProTest1.gdb\RedPts,Total_Length,-1,-1;SecondsOffset "SecondsOffset" true true false 4 Long 0 0,First,#,C:\demos_ps\201607_CBP\totalflow\ProTest1\ProTest1.gdb\RedPts,SecondsOffset,-1,-1;ORIG_FID "ORIG_FID" true true false 4 Long 0 0,First,#,C:\demos_ps\201607_CBP\totalflow\ProTest1\ProTest1.gdb\RedPts,ORIG_FID,-1,-1;POINT_X "POINT_X" true true false 8 Double 0 0,First,#,C:\demos_ps\201607_CBP\totalflow\ProTest1\ProTest1.gdb\RedPts,POINT_X,-1,-1;POINT_Y "POINT_Y" true true false 8 Double 0 0,First,#,C:\demos_ps\201607_CBP\totalflow\ProTest1\ProTest1.gdb\RedPts,POINT_Y,-1,-1;POINT_M "POINT_M" true true false 8 Double 0 0,First,#,C:\demos_ps\201607_CBP\totalflow\ProTest1\ProTest1.gdb\RedPts,POINT_M,-1,-1;RouteTimeSecElapsed "RouteTimeSecElapsed" true true false 4 Long 0 0,First,#,C:\demos_ps\201607_CBP\totalflow\ProTest1\ProTest1.gdb\RedPts,RouteTimeSecElapsed,-1,-1;LocationTime "LocationTime" true true false 8 Date 0 0,First,#,C:\demos_ps\201607_CBP\totalflow\ProTest1\ProTest1.gdb\RedPts,LocationTime,-1,-1;Latitude "Latitude" true true false 0 Double 0 0,First,#,C:\demos_ps\201607_CBP\totalflow\ProTest1\ProTest1.gdb\RedPts,Latitude,-1,-1;Longitude "Longitude" true true false 0 Double 0 0,First,#,C:\demos_ps\201607_CBP\totalflow\ProTest1\ProTest1.gdb\RedPts,Longitude,-1,-1" #</Process></lineage></DataProperties><SyncDate>20180731</SyncDate><SyncTime>12354800</SyncTime><ModDate>20180731</ModDate><ModTime>12354800</ModTime></Esri><dataIdInfo><envirDesc Sync="TRUE">Microsoft Windows 10 Version 10.0 (Build 14393) ; Esri ArcGIS 12.2.0.12813</envirDesc><dataLang><languageCode value="eng" Sync="TRUE"></languageCode><countryCode value="USA" Sync="TRUE"></countryCode></dataLang><idCitation><resTitle Sync="TRUE">RedPts.csv</resTitle><presForm><PresFormCd value="001" Sync="TRUE"></PresFormCd></presForm></idCitation><spatRpType><SpatRepTypCd value="001" Sync="TRUE"></SpatRepTypCd></spatRpType></dataIdInfo><mdLang><languageCode value="eng" Sync="TRUE"></languageCode><countryCode value="USA" Sync="TRUE"></countryCode></mdLang><distInfo><distFormat><formatName Sync="TRUE">Text File</formatName></distFormat><distTranOps><transSize Sync="TRUE">0.000</transSize></distTranOps></distInfo><mdHrLv><ScopeCd value="007" Sync="TRUE"></ScopeCd></mdHrLv><mdHrLvName Sync="TRUE">non-geographic dataset</mdHrLvName><refSysInfo><RefSystem><refSysID><identCode code="3857" Sync="TRUE"></identCode><idCodeSpace Sync="TRUE">EPSG</idCodeSpace><idVersion Sync="TRUE">8.8(9.3.1.2)</idVersion></refSysID></RefSystem></refSysInfo><spatRepInfo><VectSpatRep><geometObjs Name="RedPts"><geoObjTyp><GeoObjTypCd value="004" Sync="TRUE"></GeoObjTypCd></geoObjTyp><geoObjCnt Sync="TRUE">0</geoObjCnt></geometObjs><topLvl><TopoLevCd value="001" Sync="TRUE"></TopoLevCd></topLvl></VectSpatRep></spatRepInfo><spdoinfo><ptvctinf><esriterm Name="RedPts"><efeatyp Sync="TRUE">Simple</efeatyp><efeageom code="1" Sync="TRUE"></efeageom><esritopo Sync="TRUE">FALSE</esritopo><efeacnt Sync="TRUE">0</efeacnt><spindex Sync="TRUE">TRUE</spindex><linrefer Sync="TRUE">TRUE</linrefer></esriterm></ptvctinf></spdoinfo><eainfo><detailed Name="RedPts.csv"><enttyp><enttypl Sync="TRUE">RedPts.csv</enttypl><enttypt Sync="TRUE">Table</enttypt><enttypc Sync="TRUE">0</enttypc></enttyp><attr><attrlabl Sync="TRUE">OID</attrlabl><attalias Sync="TRUE">OID</attalias><attrtype Sync="TRUE">Integer</attrtype><attwidth Sync="TRUE">4</attwidth><atprecis Sync="TRUE">0</atprecis><attscale Sync="TRUE">0</attscale></attr><attr><attrlabl Sync="TRUE">Name</attrlabl><attalias Sync="TRUE">Name</attalias><attrtype Sync="TRUE">String</attrtype><attwidth Sync="TRUE">1024</attwidth><atprecis Sync="TRUE">0</atprecis><attscale Sync="TRUE">0</attscale></attr><attr><attrlabl Sync="TRUE">FirstStopID</attrlabl><attalias Sync="TRUE">FirstStopID</attalias><attrtype Sync="TRUE">Integer</attrtype><attwidth Sync="TRUE">4</attwidth><atprecis Sync="TRUE">0</atprecis><attscale Sync="TRUE">0</attscale></attr><attr><attrlabl Sync="TRUE">LastStopID</attrlabl><attalias Sync="TRUE">LastStopID</attalias><attrtype Sync="TRUE">Integer</attrtype><attwidth Sync="TRUE">4</attwidth><atprecis Sync="TRUE">0</atprecis><attscale Sync="TRUE">0</attscale></attr><attr><attrlabl Sync="TRUE">StopCount</attrlabl><attalias Sync="TRUE">StopCount</attalias><attrtype Sync="TRUE">Integer</attrtype><attwidth Sync="TRUE">4</attwidth><atprecis Sync="TRUE">0</atprecis><attscale Sync="TRUE">0</attscale></attr><attr><attrlabl Sync="TRUE">StartTime</attrlabl><attalias Sync="TRUE">StartTime</attalias><attrtype Sync="TRUE">Date</attrtype><attwidth Sync="TRUE">8</attwidth><atprecis Sync="TRUE">0</atprecis><attscale Sync="TRUE">0</attscale></attr><attr><attrlabl Sync="TRUE">EndTime</attrlabl><attalias Sync="TRUE">EndTime</attalias><attrtype Sync="TRUE">Date</attrtype><attwidth Sync="TRUE">8</attwidth><atprecis Sync="TRUE">0</atprecis><attscale Sync="TRUE">0</attscale></attr><attr><attrlabl Sync="TRUE">StartTimeUTC</attrlabl><attalias Sync="TRUE">StartTimeUTC</attalias><attrtype Sync="TRUE">Date</attrtype><attwidth Sync="TRUE">8</attwidth><atprecis Sync="TRUE">0</atprecis><attscale Sync="TRUE">0</attscale></attr><attr><attrlabl Sync="TRUE">EndTimeUTC</attrlabl><attalias Sync="TRUE">EndTimeUTC</attalias><attrtype Sync="TRUE">Date</attrtype><attwidth Sync="TRUE">8</attwidth><atprecis Sync="TRUE">0</atprecis><attscale Sync="TRUE">0</attscale></attr><attr><attrlabl Sync="TRUE">Total_Length</attrlabl><attalias Sync="TRUE">Total_Length</attalias><attrtype Sync="TRUE">Double</attrtype><attwidth Sync="TRUE">8</attwidth><atprecis Sync="TRUE">0</atprecis><attscale Sync="TRUE">0</attscale></attr><attr><attrlabl Sync="TRUE">SecondsOffset</attrlabl><attalias Sync="TRUE">SecondsOffset</attalias><attrtype Sync="TRUE">Integer</attrtype><attwidth Sync="TRUE">4</attwidth><atprecis Sync="TRUE">0</atprecis><attscale Sync="TRUE">0</attscale></attr><attr><attrlabl Sync="TRUE">ORIG_FID</attrlabl><attalias Sync="TRUE">ORIG_FID</attalias><attrtype Sync="TRUE">Integer</attrtype><attwidth Sync="TRUE">4</attwidth><atprecis Sync="TRUE">0</atprecis><attscale Sync="TRUE">0</attscale></attr><attr><attrlabl Sync="TRUE">POINT_X</attrlabl><attalias Sync="TRUE">POINT_X</attalias><attrtype Sync="TRUE">Double</attrtype><attwidth Sync="TRUE">8</attwidth><atprecis Sync="TRUE">0</atprecis><attscale Sync="TRUE">0</attscale></attr><attr><attrlabl Sync="TRUE">POINT_Y</attrlabl><attalias Sync="TRUE">POINT_Y</attalias><attrtype Sync="TRUE">Double</attrtype><attwidth Sync="TRUE">8</attwidth><atprecis Sync="TRUE">0</atprecis><attscale Sync="TRUE">0</attscale></attr><attr><attrlabl Sync="TRUE">POINT_M</attrlabl><attalias Sync="TRUE">POINT_M</attalias><attrtype Sync="TRUE">Double</attrtype><attwidth Sync="TRUE">8</attwidth><atprecis Sync="TRUE">0</atprecis><attscale Sync="TRUE">0</attscale></attr><attr><attrlabl Sync="TRUE">RouteTimeSecElapsed</attrlabl><attalias Sync="TRUE">RouteTimeSecElapsed</attalias><attrtype Sync="TRUE">Integer</attrtype><attwidth Sync="TRUE">4</attwidth><atprecis Sync="TRUE">0</atprecis><attscale Sync="TRUE">0</attscale></attr><attr><attrlabl Sync="TRUE">LocationTime</attrlabl><attalias Sync="TRUE">LocationTime</attalias><attrtype Sync="TRUE">Date</attrtype><attwidth Sync="TRUE">8</attwidth><atprecis Sync="TRUE">0</atprecis><attscale Sync="TRUE">0</attscale></attr><attr><attrlabl Sync="TRUE">Latitude</attrlabl><attalias Sync="TRUE">Latitude</attalias><attrtype Sync="TRUE">Double</attrtype><attwidth Sync="TRUE">8</attwidth><atprecis Sync="TRUE">0</atprecis><attscale Sync="TRUE">0</attscale></attr><attr><attrlabl Sync="TRUE">Longitude</attrlabl><attalias Sync="TRUE">Longitude</attalias><attrtype Sync="TRUE">Double</attrtype><attwidth Sync="TRUE">8</attwidth><atprecis Sync="TRUE">0</atprecis><attscale Sync="TRUE">0</attscale></attr></detailed></eainfo><mdDateSt Sync="TRUE">20180731</mdDateSt></metadata>
