<metadata xml:lang="en"><Esri><CreaDate>20180731</CreaDate><CreaTime>11582000</CreaTime><ArcGISFormat>1.0</ArcGISFormat><SyncOnce>FALSE</SyncOnce><DataProperties><lineage><Process Name="XY To Line" ToolSource="c:\program files\arcgis\pro\Resources\ArcToolbox\toolboxes\Data Management Tools.tbx\XYToLine" Date="20180731" Time="115820">XYToLine C:\demos_ps\201607_CBP\totalflow\ProTest1\timespace1.gdb\TimeSpace C:\demos_ps\201607_CBP\totalflow\ProTest1\timespace1.gdb\TimeSpace_XYToLine timespace_temp_FROM_X timespace_temp_FROM_Y timespace_temp_NEAR_X timespace_temp_NEAR_Y Geodesic # "PROJCS['WGS_1984_Web_Mercator_Auxiliary_Sphere',GEOGCS['GCS_WGS_1984',DATUM['D_WGS_1984',SPHEROID['WGS_1984',6378137.0,298.257223563]],PRIMEM['Greenwich',0.0],UNIT['Degree',0.0174532925199433]],PROJECTION['Mercator_Auxiliary_Sphere'],PARAMETER['False_Easting',0.0],PARAMETER['False_Northing',0.0],PARAMETER['Central_Meridian',0.0],PARAMETER['Standard_Parallel_1',0.0],PARAMETER['Auxiliary_Sphere_Type',0.0],UNIT['Meter',1.0]];-20037700 -30241100 10000;-100000 10000;-100000 10000;0.001;0.001;0.001;IsHighPrecision"</Process><Process Name="Join Field" ToolSource="c:\program files\arcgis\pro\Resources\ArcToolbox\toolboxes\Data Management Tools.tbx\JoinField" Date="20180731" Time="115824">JoinField C:\demos_ps\201607_CBP\totalflow\ProTest1\timespace1.gdb\TimeSpace_XYToLine OID C:\demos_ps\201607_CBP\totalflow\ProTest1\timespace1.gdb\TimeSpace OBJECTID TimeDiff_Min;groupA_LocationTime;groupA_LocationTime</Process><Process Name="Add Geometry Attributes" ToolSource="c:\program files\arcgis\pro\Resources\ArcToolbox\toolboxes\Data Management Tools.tbx\AddGeometryAttributes" Date="20180731" Time="132349">AddGeometryAttributes C:\demos_ps\201607_CBP\totalflow\ProTest1\timespace1.gdb\TimeSpace_XYToLine LENGTH_GEODESIC;CENTROID Meters # GEOGCS['GCS_WGS_1984',DATUM['D_WGS_1984',SPHEROID['WGS_1984',6378137.0,298.257223563]],PRIMEM['Greenwich',0.0],UNIT['Degree',0.0174532925199433]]</Process><Process Name="Table To Table" ToolSource="c:\program files\arcgis\pro\Resources\ArcToolbox\toolboxes\Conversion Tools.tbx\TableToTable" Date="20180731" Time="132456">TableToTable C:\demos_ps\201607_CBP\totalflow\ProTest1\timespace1.gdb\TimeSpace_XYToLine C:\demos_ps\201607_CBP\totalflow\ProTest1 TimeSpace.csv # "timespace_ "FROM_X" true true false 8 Double 0 0,First,#,C:\demos_ps\201607_CBP\totalflow\ProTest1\timespace1.gdb\TimeSpace_XYToLine,timespace_temp_FROM_X,-1,-1;timespace1 "FROM_Y" true true false 8 Double 0 0,First,#,C:\demos_ps\201607_CBP\totalflow\ProTest1\timespace1.gdb\TimeSpace_XYToLine,timespace_temp_FROM_Y,-1,-1;timespac_1 "NEAR_X" true true false 8 Double 0 0,First,#,C:\demos_ps\201607_CBP\totalflow\ProTest1\timespace1.gdb\TimeSpace_XYToLine,timespace_temp_NEAR_X,-1,-1;timespac_2 "NEAR_Y" true true false 8 Double 0 0,First,#,C:\demos_ps\201607_CBP\totalflow\ProTest1\timespace1.gdb\TimeSpace_XYToLine,timespace_temp_NEAR_Y,-1,-1;Shape_Leng "Shape_Length" false true true 8 Double 0 0,First,#,C:\demos_ps\201607_CBP\totalflow\ProTest1\timespace1.gdb\TimeSpace_XYToLine,Shape_Length,-1,-1;groupA_Loc "LocationTime" true true false 8 Date 0 0,First,#,C:\demos_ps\201607_CBP\totalflow\ProTest1\timespace1.gdb\TimeSpace_XYToLine,groupA_LocationTime_1,-1,-1;TimeDiff_M "TimeDiff_Min" true true false 2 Short 0 0,First,#,C:\demos_ps\201607_CBP\totalflow\ProTest1\timespace1.gdb\TimeSpace_XYToLine,TimeDiff_Min,-1,-1;LENGTH_GEO "LENGTH_GEO" true true false 8 Double 0 0,First,#,C:\demos_ps\201607_CBP\totalflow\ProTest1\timespace1.gdb\TimeSpace_XYToLine,LENGTH_GEO,-1,-1;CENTROID_X "CENTROID_X" true true false 8 Double 0 0,First,#,C:\demos_ps\201607_CBP\totalflow\ProTest1\timespace1.gdb\TimeSpace_XYToLine,CENTROID_X,-1,-1;CENTROID_Y "CENTROID_Y" true true false 8 Double 0 0,First,#,C:\demos_ps\201607_CBP\totalflow\ProTest1\timespace1.gdb\TimeSpace_XYToLine,CENTROID_Y,-1,-1" #</Process></lineage><itemProps><itemName Sync="TRUE">TimeSpace.csv</itemName><imsContentType Sync="TRUE">005</imsContentType><itemLocation><linkage Sync="TRUE">file://\\BHOAK2\C$\demos_ps\201607_CBP\totalflow\ProTest1\TimeSpace.csv</linkage><protocol Sync="TRUE">Local Area Network</protocol></itemLocation><itemSize Sync="TRUE">0.000</itemSize></itemProps></DataProperties><SyncDate>20180731</SyncDate><SyncTime>13245300</SyncTime><ModDate>20180731</ModDate><ModTime>13245300</ModTime></Esri><dataIdInfo><envirDesc Sync="TRUE">Microsoft Windows 10 Version 10.0 (Build 14393) ; Esri ArcGIS 12.2.0.12813</envirDesc><dataLang><languageCode value="eng" Sync="TRUE"></languageCode><countryCode value="USA" Sync="TRUE"></countryCode></dataLang><idCitation><resTitle Sync="TRUE">TimeSpace.csv</resTitle><presForm><PresFormCd value="001" Sync="TRUE"></PresFormCd></presForm></idCitation></dataIdInfo><mdLang><languageCode value="eng" Sync="TRUE"></languageCode><countryCode value="USA" Sync="TRUE"></countryCode></mdLang><distInfo><distFormat><formatName Sync="TRUE">Text File</formatName></distFormat><distTranOps><transSize Sync="TRUE">0.000</transSize></distTranOps></distInfo><mdHrLv><ScopeCd value="007" Sync="TRUE"></ScopeCd></mdHrLv><mdHrLvName Sync="TRUE">non-geographic dataset</mdHrLvName><eainfo><detailed Name="TimeSpace.csv"><enttyp><enttypl Sync="TRUE">TimeSpace.csv</enttypl><enttypt Sync="TRUE">Table</enttypt><enttypc Sync="TRUE">0</enttypc></enttyp><attr><attrlabl Sync="TRUE">OID</attrlabl><attalias Sync="TRUE">OID</attalias><attrtype Sync="TRUE">OID</attrtype><attwidth Sync="TRUE">4</attwidth><atprecis Sync="TRUE">0</atprecis><attscale Sync="TRUE">0</attscale><attrdef Sync="TRUE">Internal feature number.</attrdef><attrdefs Sync="TRUE">Esri</attrdefs><attrdomv><udom Sync="TRUE">Sequential unique whole numbers that are automatically generated.</udom></attrdomv></attr><attr><attrlabl Sync="TRUE">timespace_</attrlabl><attalias Sync="TRUE">timespace_</attalias><attrtype Sync="TRUE">Double</attrtype><attwidth Sync="TRUE">8</attwidth><atprecis Sync="TRUE">0</atprecis><attscale Sync="TRUE">0</attscale></attr><attr><attrlabl Sync="TRUE">timespace1</attrlabl><attalias Sync="TRUE">timespace1</attalias><attrtype Sync="TRUE">Double</attrtype><attwidth Sync="TRUE">8</attwidth><atprecis Sync="TRUE">0</atprecis><attscale Sync="TRUE">0</attscale></attr><attr><attrlabl Sync="TRUE">timespac_1</attrlabl><attalias Sync="TRUE">timespac_1</attalias><attrtype Sync="TRUE">Double</attrtype><attwidth Sync="TRUE">8</attwidth><atprecis Sync="TRUE">0</atprecis><attscale Sync="TRUE">0</attscale></attr><attr><attrlabl Sync="TRUE">timespac_2</attrlabl><attalias Sync="TRUE">timespac_2</attalias><attrtype Sync="TRUE">Double</attrtype><attwidth Sync="TRUE">8</attwidth><atprecis Sync="TRUE">0</atprecis><attscale Sync="TRUE">0</attscale></attr><attr><attrlabl Sync="TRUE">Shape_Leng</attrlabl><attalias Sync="TRUE">Shape_Leng</attalias><attrtype Sync="TRUE">Double</attrtype><attwidth Sync="TRUE">8</attwidth><atprecis Sync="TRUE">0</atprecis><attscale Sync="TRUE">0</attscale></attr><attr><attrlabl Sync="TRUE">groupA_Loc</attrlabl><attalias Sync="TRUE">groupA_Loc</attalias><attrtype Sync="TRUE">Date</attrtype><attwidth Sync="TRUE">8</attwidth><atprecis Sync="TRUE">0</atprecis><attscale Sync="TRUE">0</attscale></attr><attr><attrlabl Sync="TRUE">TimeDiff_M</attrlabl><attalias Sync="TRUE">TimeDiff_M</attalias><attrtype Sync="TRUE">SmallInteger</attrtype><attwidth Sync="TRUE">2</attwidth><atprecis Sync="TRUE">0</atprecis><attscale Sync="TRUE">0</attscale></attr><attr><attrlabl Sync="TRUE">LENGTH_GEO</attrlabl><attalias Sync="TRUE">LENGTH_GEO</attalias><attrtype Sync="TRUE">Double</attrtype><attwidth Sync="TRUE">8</attwidth><atprecis Sync="TRUE">0</atprecis><attscale Sync="TRUE">0</attscale></attr><attr><attrlabl Sync="TRUE">CENTROID_X</attrlabl><attalias Sync="TRUE">CENTROID_X</attalias><attrtype Sync="TRUE">Double</attrtype><attwidth Sync="TRUE">8</attwidth><atprecis Sync="TRUE">0</atprecis><attscale Sync="TRUE">0</attscale></attr><attr><attrlabl Sync="TRUE">CENTROID_Y</attrlabl><attalias Sync="TRUE">CENTROID_Y</attalias><attrtype Sync="TRUE">Double</attrtype><attwidth Sync="TRUE">8</attwidth><atprecis Sync="TRUE">0</atprecis><attscale Sync="TRUE">0</attscale></attr></detailed></eainfo><mdDateSt Sync="TRUE">20180731</mdDateSt></metadata>
